id,group,sequence,fold_success,final_rmsd,energy_score,output_pdb_path,zone_EC,zone_TZ,zone_BZ,runtime_sec,phase
ufoe_0000,UFoE,GMTGAPQAEDPEGPQTRNYPYWMGIQRTHDPWHPPSDRAHEMWGWQQSTIAANTYQWNDA,False,,,,,,,,2a
ufoe_0001,UFoE,WWKTPCNPNPPSYERYTQMDNEWQGIMWPTPEKDHNNQLHNTIMNLFYSTTECPPEGYKMG,False,,,,,,,,2a
ufoe_0002,UFoE,AMPSANRRNHYMTWMGPTEMCNRWTRSTMMKRHGKMKPGGDWANMRNATMHQAYEMGYQQNH,False,,,,,,,,2a
ufoe_0003,UFoE,PPYDSNYLPGPMPMWHPHLMRFGRWRGLKSTIADPSPTFQEEQEWPRANWWAHTRNSPMPHQM,False,,,,,,,,2a
ufoe_0004,UFoE,QGTAPHSANEMWRSQTYTTAVPTESDGEATSQNVADYMPWQDDYDFPSGAFYWTNKNLVNMAKW,False,,,,,,,,2a
ufoe_0005,UFoE,KRQHARHMHWGQHNNSYAWMSDWGVYYTFGRNNAEYIGDHCWGAYGSGAASMDCHQSRPEWESPG,False,,,,,,,,2a
ufoe_0006,UFoE,WHQWDDNWVAWMGSRHYVTGGGNDDTTMQAWAMNAWYYHWTHWEIHDWHEIKYMHKNSNHNENMNW,False,,,,,,,,2a
ufoe_0007,UFoE,HIYQQHTMHSRPWSWKHPWHPGMYHNTDHMDMNAHSQKAHHRYYWGYQPYSAMAHDVFENALYYLYW,False,,,,,,,,2a
ufoe_0008,UFoE,HMSHYPWSHPNRNYNMVTPPANTRKGEKQKLGNYYNYPAVGHRGHWAGMHNIWRQTTQHQPMRTEGCY,False,,,,,,,,2a
ufoe_0009,UFoE,TTRNPEWTHNRWESNYHHSMSWNMTNEHRWSPNANAWNQPMYANSTWAWLTYTYYKGKIYKFKPTCPPH,False,,,,,,,,2a
ufoe_0010,UFoE,YDHHQNFMYPMMMVYNWEVGSGWDPMHSDWKPFKMKNWTGLERYWHAKNMHREQKNSWGNTAHTWMNYSN,False,,,,,,,,2a
ufoe_0011,UFoE,NHGQHTHNYFPWNEIDTNGRHWWWAWFTKTTYQWLKTPFTECWYQKTPTWQIWYWYKYYTSPMYPTPKWAA,False,,,,,,,,2a
ufoe_0012,UFoE,HPTMLQTWRWGHMSNHPAYWWWSNWKHPNHAHWNVGWVKEADTQGGMEQKTNKSAHYMGDGMNPWNAMHSFY,False,,,,,,,,2a
ufoe_0013,UFoE,SSGHMNWGYRSHYYPNAGWAWWEMYVIENASYDNMTPPNLPMWYQPNNNSGWWWHWESQYTTKEYHDDNHPPG,False,,,,,,,,2a
ufoe_0014,UFoE,RQLLSPYGAQNNNPSDYSNGGTCYNDHWHQNTASWASHICPQYWGLAPGSPNKGSQHHYNTNWYHTPHRMRRNG,False,,,,,,,,2a
ufoe_0015,UFoE,ERQEMYQTTYSPRAWPHYHMATYTHKSNQDKEHVWPSGHYGQYEDKYYPQQNWNKNMMASEWTWNRKLQSPTPSG,False,,,,,,,,2a
ufoe_0016,UFoE,EDTEGYTYYRGAYTGMSRDQHSRNAYGQPYPHCNSEHPHDRPVGWMWNSWVNWPYDTEESDMSDENQPYPYAYSHT,False,,,,,,,,2a
ufoe_0017,UFoE,PRPRSHSYNNNEVTAGAHMENSDFDGTANATYAYKGGEAPHGWKKPHSGGSNLNELWWYWDGHWPKYYCHGGVMTYY,False,,,,,,,,2a
ufoe_0018,UFoE,PVHKYMKKNSAYENCMRAPVHPPPQNHKMPPILAAHYEWSFYDQGMTTAKHHHNCVNTPAPCSEYHMKWTMRNWTPAN,False,,,,,,,,2a
ufoe_0019,UFoE,MSKNNWPPMYEPYGTNWSEWRKPATPPNSHGWHHLAYDHPSNHTQMDGASPTYSNVRDHYGNDRHRNTNDKDHASAKVG,False,,,,,,,,2a
ufoe_0020,UFoE,HDNMIPKRMNNDRAMLDTYSHKPALWEQNHQFMSKWQYITCTWGRQAYTHGWPNHAMWWWHHMMWSQTLSVPWHSGNYTW,False,,,,,,,,2a
ufoe_0021,UFoE,AGRHTWCHNHNPASGGNEHYRNRHHPWNTKKWAHMEKPNGFNWNHAWAMTRYSNKIYPGKNTQYRYGGQRAKPMMTAAMHY,False,,,,,,,,2a
ufoe_0022,UFoE,PSWPYYYYAAKDRWYHANEPDQTRSEPQYLQLYSTNTGKWSNYHKPAHMPQFRPNSPNYMSLTWVGMAETWDWQHSMFYGPT,False,,,,,,,,2a
ufoe_0023,UFoE,AICQAWPPEHHNTEGPFPTYYCNHKWNADHYWPRHWPGWPNGGYNREYMWYMWAQSPNVDGEAQMKNWLYIYPWNHAWWYRDA,False,,,,,,,,2a
ufoe_0024,UFoE,NNDWGGENDEEKKNYTWWTGQKPLWQWGTPHTNVHTWWHEWFGYHMTFNPVAKWSSTPRSKFGNADWYNYSPMHHGWADMQAWG,False,,,,,,,,2a
ufoe_0025,UFoE,GLEGPDHSTWPVTYTHWQEFYKPTMYKHDQEQMMYNPAFQWQYWNNTHHGTTEDPMNNDGSKNKGQMWHHVHHWHHPTPKMNSGW,False,,,,,,,,2a
ufoe_0026,UFoE,DNQNWSFTHPGWRRPQPFTFPAGSPPVHKPRAHWQYYTYASTSNPWWDRNAAGGNWTWYMYSRHTKEMWPENMNNEQHPEHWHGTN,False,,,,,,,,2a
ufoe_0027,UFoE,KKKWWAPWESDMTWASVYCPFTRVWSYTGWPNYCKNEYHYGGAALPYWYTPHANPHPGREAASPDHCDWAWGAYQYKWHNPPPNQFN,False,,,,,,,,2a
ufoe_0028,UFoE,CKMTIHTNKHHWNNPTEHQWPTALSAAEATETYTYNRSWPTDYNPEYGYSGWGPMSALHHINNNHTAMHINNPYNPCHEHNHRSDSNR,False,,,,,,,,2a
ufoe_0029,UFoE,MHHGKRRYNLKSNMNTHSTMGWSQGRPPSPPRWWQCAYRHWAQMEWVAWAYNSHTGGPHNWTSENQPHAKYNHKNTEPPCPNMTMRCMY,False,,,,,,,,2a
ufoe_0030,UFoE,HKLWRMHAAWFPSPPATENKNYNHWTLNNQGGSNWQSYTNPRIGQAYKATPANKTHTSPISNAPHINNGGKKQDTWPSSPPFHSPEHKHG,False,,,,,,,,2a
ufoe_0031,UFoE,HQMHSYNNPNHGMWIYWDPWTTPGPAGGRFICMSDQRSSGFVTWDRWKDRQYQPYPWSYNQRADTHDAMTHYSYIHIYWSKPDWMHNMIQH,False,,,,,,,,2a
ufoe_0032,UFoE,EQKSPAAQTPNHYSGSNQHAEPPMREYAQTMYQTYWPKGNSAAKSTRFYRSSWWCYNGDPLWNTHPPHYYNEHGTKTMNGYYKPHFSPGKPG,False,,,,,,,,2a
ufoe_0033,UFoE,WYNPSWTYQNWVWWTSCWSHCIGYMQIGHSYAWENYPGCHGSAQWYKQDFSGRNYGYRWSWMPHYSIKCWHPWQLGWTWYMNTAYSDKDHQWN,False,,,,,,,,2a
ufoe_0034,UFoE,KQWHYDYQHSIDWYSHWHYQGTMPWRNGNWLVMTYHDDGVYYNTSYYNAARWVWEHNSHQAAPYHNSAYNGWGHMSMVFNMHEPYGKEPYGKHM,False,,,,,,,,2a
ufoe_0035,UFoE,MYNMYKHISNSWDPHHNAHNSSYHPYYYMVAGAMTWHNSRWGTKMAQNVDYWYNHYHEFSMMRMETKEHWHSQWSSGYQVDWCNYNMQHWDAWPR,False,,,,,,,,2a
ufoe_0036,UFoE,NWRHGHGWWGNSGGMDQNREWSKYYANYNLMFPYPNKTQMVGPRCNWDQYMNNDCVTMSYEGWYPTANPGSQMPTAPKTKWAADSWRKLSTTPRMP,False,,,,,,,,2a
ufoe_0037,UFoE,WYPSPMPPMGMSSPFAHQQTWRGYQTWPWRNNTGPEMTQPPPSVQWYFKWHPWPKVPNFRQYENDMQAHGQDAFYYGVRKPWETQWSWYKHWSSISN,False,,,,,,,,2a
ufoe_0038,UFoE,EAGDTWASDWGNNGNNYMDWPEWYHWVSEGEFPLGGRFDRTPDPNPHFSMFGWWTPHPGPWDKYAYPSNKNRHYHHMGHQWWHWQDMWADDSLKKMSA,False,,,,,,,,2a
ufoe_0039,UFoE,WPPVYVPEYYPHLDPRHAPRFYPYPMSPCTHPCYHQMYLEGWWHHHSTNYAWEQVYMQRDTHGPRHAMHTSAPWRNPFYYPQAQGHQRSMRPNKMYSKM,False,,,,,,,,2a
ufoe_0040,UFoE,SGHGHGAHWHGKEHQRKDKHASYWWADDPWHRVTHMMHNYEYRGHTETKEWVPAQTMHTQDPPSDHMKGRNTAWPWMWWPYNNGNQRQNSYIAQSEFPNN,False,,,,,,,,2a
ufoe_0041,UFoE,WTQQEEYMATNPHWWPDMGDTKDAAGCYSSPPSMPHCVWDWHYTMKSAVFPPNENNPDHT,False,,,,,,,,2a
ufoe_0042,UFoE,RYPHYYPGYSAAYPGKNNQNTGSQSKMCMPANWDMYRTKWEMTSPQRPMWGTPHYPHYQNS,False,,,,,,,,2a
ufoe_0043,UFoE,SQHSKPYGPPAWAWCAYHDRTMRWSKTPHWYNMATYETFRWMYIMSMQGYHYGEFPHAKMGP,False,,,,,,,,2a
ufoe_0044,UFoE,HHMRNTSPHGPGSSGTDDHRGHNNNMPGTMMCYGYKPRCSMQVMWYHKMHQPGDLNHMTPHNN,False,,,,,,,,2a
ufoe_0045,UFoE,HNAAATPPRAAMMCWFSWEWRCPNPHYSAYHHSPETYLNYDNGIMPYYTPHAPYTKTTHWETSE,False,,,,,,,,2a
ufoe_0046,UFoE,FEYYMTKYMNMYEMCGGVYPSTHTMADDWWTTMDQQMSNHYQRHTMPPGPTIMVKGWPIYNWRWA,False,,,,,,,,2a
ufoe_0047,UFoE,HNAHWHATTNWFKMESNSAHDTIPTSGGIYSLPVPMTDGDLPHDSWCPKTYPWRGWAHQWHDGTQM,False,,,,,,,,2a
ufoe_0048,UFoE,NYMYCIYWEHNHGRAESENWRWVSVMFGRQRPCYLDYYNNDQWHLQYMTGNNSMMEWAPYPTYSVQM,False,,,,,,,,2a
ufoe_0049,UFoE,HPMCSTYEGWYERHTNRQLHGNRCYMQFADHPPPDFGPKNGNHNNTWNHVDPWTNDNTGNDHGTHWYQ,False,,,,,,,,2a
ufoe_0050,UFoE,PWEMGWQYMDSPWMQTCAQETKPKKGMARTMYKKYHTKCFGKSNRNANINPHWGNHVMYSDLNYKMQYQ,False,,,,,,,,2a
ufoe_0051,UFoE,HPNVWTLNINESNSHPTYPYTWNSRPNTHWMTHFYWEYHHSPSPSTAWYFGPVDFHQYHPWMMDMVYNNH,False,,,,,,,,2a
ufoe_0052,UFoE,EYEGYYWPAPWDYPRGWYHTWPCWEYQKLPPVAGCWSHWSMCWCMPQSTPYYAPPAPMMESKQWSYAMWVM,False,,,,,,,,2a
ufoe_0053,UFoE,SNHYNRHKAYYNMWPWIGEVNMNWGPDKEPYHWPMPTENKHTHTHYMPTWGYMNAFTYGQVAYGGPPWIYKV,False,,,,,,,,2a
ufoe_0054,UFoE,SGHTMWTEWKRSMHSRAMEHHNNWHKNNMYQMHNDFWQSQEQCFHHWHNSPYPHWWWSLAKHLYNHEWTYAHW,False,,,,,,,,2a
ufoe_0055,UFoE,YPTGEFNHIWHPKQWDHQLGMHWPWKPSAWAHEYHNWRMKDVYWNWDDDPGMWWHPWNGPSAIHTAQNPSTAML,False,,,,,,,,2a
ufoe_0056,UFoE,RANAHANYWSTINWFHMWENMKRNENYGGMQQPMQYWRPGGNYSPPAGANDYMNNQGNTQNYIKHANMTMWSDFN,False,,,,,,,,2a
ufoe_0057,UFoE,YQPHSMHWEYYGFHTKGNEGPHSWWKYHNNQNFMGKQSNCFDGKRETTTYTWMPDIHNATWCYHGHGMEKHYYVWE,False,,,,,,,,2a
ufoe_0058,UFoE,TKHTDWHWYTNSYSHPMYEWWWAKMKCYKEAAIWWYMYTKYGPQMNCMGPFICPEAKYFVGQNSEDCTQWQQRSWYT,False,,,,,,,,2a
ufoe_0059,UFoE,NWNCEGWHADGDDHWETDEYNDQCYAQPKPCPQPGDNSLYYNSYKDSLNPAETGGHCYHENSSRAGMGGASGKSGTWP,False,,,,,,,,2a
ufoe_0060,UFoE,YQYTYHYRMGATANTNAANANNDHMRDESTGWMSNYRNHDPNTRRHPWCMNPHPLYSTHENSSETYEQKEGFCHPWMEP,False,,,,,,,,2a
ufoe_0061,UFoE,HPHHHHNKNTTQWRGWHHTHQNGWMYPEWYNPPENRETYVGNPPGREMMRTTTYIGAGNPGASYTSSIYNKWGTSYPIQG,False,,,,,,,,2a
ufoe_0062,UFoE,QFYKWGDTSASNHNKGPFMHGRHYGRSQSPMYFNHAYSYRNSFAGYVSWPMTPVMRNIAYNENASHNYWYQTADRQGSCHW,False,,,,,,,,2a
ufoe_0063,UFoE,PKPCGQWTQNSGPWAPDEMQRYTTGWNNRPFSHGNYPNPPSAEPPMGHKNMWMHWQQAGWTNKHGWAADHQPMNYNMNNGEM,False,,,,,,,,2a
ufoe_0064,UFoE,GMYWWHMDMYMQYWPWPMWEHYKSNAQIYWHEGQSYRWASPAENDMEHAMGGPDPRLSIPWMGGWYWYNPAYHYPRGMQTHTP,False,,,,,,,,2a
ufoe_0065,UFoE,PGHEYPWDYNMAHMKWTCHSWMSHHGEYKAYIHHWVTLINSWNWHYQNSAHATMSTGNPSVWNNEHESKPHYSHHQNKETHKMH,False,,,,,,,,2a
ufoe_0066,UFoE,CAMAYGDRWPNEGFGYNFQHRNYSRHWHTPWRDSNQGHQNEHDETPGFNRWDIYSTMKANRMSGYTWPEAKGFYYGEHEHTNGRP,False,,,,,,,,2a
ufoe_0067,UFoE,PTPMAKKTTVTCMVNTWYNGHAWGWMPNNKNFYNYYWEQVDPNNHCNSAWPENAQYQIRHYWGAVKGQEYTDKGHKDRNDAPAWGQ,False,,,,,,,,2a
ufoe_0068,UFoE,APMYGHVGSQSWGRAPPGNKHDIANNSTWNTDQANTHNEQWMYPRATWWWNNLWEMGKNTLAHNYMKTPYSHAHQCNSRNNWESPSH,False,,,,,,,,2a
ufoe_0069,UFoE,YNKPHENSWWSQQGDPNMDPSPANSCSAMGKWSAAMNEYNFNNNYKAYMYGSLNHHSNHAKPHLYASHHHHNSRPPMWVGTGARGQLH,False,,,,,,,,2a
ufoe_0070,UFoE,HGMVQWSTYHYRIKYCTMYPCSKPQTTINYQAGKSPQNMTPSARKCNHHDRKHNNHWVWQPSTHWNPHCITSTAHADTYRHIYYYQGAM,False,,,,,,,,2a
ufoe_0071,UFoE,ESPAMNYSPVERVHHDFDARGEYDWQNHMLIEVSYPTAAGWYDWRKASNMNPTVYQWMPRDKTMHRTNNTYPHVWNGPGPMPNMWWMYDY,False,,,,,,,,2a
ufoe_0072,UFoE,YWSSSGDPWKSTNMNRGAPAHEDEMGHTNGMMMFSYMHMSDRWHGMWNNNWMSNWPHATHCMDEHEHSSSTWETFHPNYREYSPYDDEGGG,False,,,,,,,,2a
ufoe_0073,UFoE,SWGQMMMHWPWPPRNTYNHMAKATWYKNHANCDWRIGWIYPWMTTACHSGPAHEESMSYMNTHWQSPVSQEGYGLNQYMLEMRYWNSKMMPS,False,,,,,,,,2a
ufoe_0074,UFoE,HSNPMYVTWYNTSMHPPPNPSPGWYTMDAKDGYNNHNQNHGYPAEGINDHWPPHAPLTHYRRQWPMNPAPHHMSPMSHQNWTEHHRMNDATWM,False,,,,,,,,2a
ufoe_0075,UFoE,HKKMVEYLSLMWMQPMGWNAGGLSPQWNRPNDNNSTEHKFNRPKNPWYYWWRHAPWWWHGSWQWAREHMHWMHNNSAVPAQTPGGNTAGMMSMY,False,,,,,,,,2a
ufoe_0076,UFoE,HVFTPQMPYSSETYWPYFNSMGSAPFNPDDHAHNNNSETANQAMGRHPLSRAADYSSSHFHAHGWWNNDPDMKNLHRWANNYPPPDAHTYPHWSS,False,,,,,,,,2a
ufoe_0077,UFoE,TRVQPNQMYNPQVRPPPYDRPMSWFSWMYYHTPDWGSWNSNMTICDQQVGESPMMNHDTAGNHETGSSHHMRSAFWKNSGPMWDSHSKNMGSVNNY,False,,,,,,,,2a
ufoe_0078,UFoE,VRRGPTEEMGYSNFRAQHGKNSDAWVRHPENNACPEQAMGDWIMWWPRGRSSTAAHYECAQHNHSPSAMTWVRYYKQHWHHMPSAMSLSHPSGYHIY,False,,,,,,,,2a
ufoe_0079,UFoE,ASWHPYHPGPAKPYNSSMQWNQDMWYDMSSPAYHWHGNWHTKHWHWRNHWQYHSVGKPWSTTWWPHNNPPHNVPWWHANTMKQGIQEYGNNSTMHHGN,False,,,,,,,,2a
ufoe_0080,UFoE,WEKPSSKQRQWWGVKHYYPHATRWTPKNLHSSYDYASASTPGQNSKVDSSWNENMMHKAYNIFNIGNGPYWNTHWYHMFQPRNDAHNTWCPTDTRLAAH,False,,,,,,,,2a
ufoe_0081,UFoE,YPQNYWDTAPWNYPPRYYYHFSMLSGWEPNMHHHYDPVKHTWKWADWNWWKHGPFMTWAALAEHQPSHNMGWNQFKHCMHMMTYIFGNYAWVAWPRTTNS,False,,,,,,,,2a
ufoe_0082,UFoE,MDWHHNNKTNQMWYNWWDPNSMMCMWQAYSHTGYWPYYRHTNWHMPYDWAKYYSNPSMHG,False,,,,,,,,2a
ufoe_0083,UFoE,TNDPWPGNGNRSWEWALWQKRVTLRACGTITSRDRPSCTGAPPNMHEYYQYYYWDGWSEYS,False,,,,,,,,2a
ufoe_0084,UFoE,DWHEQQASRNSNHNYGTGMYGAPGKTPSPYAPYIRNMKAHPDYYGNYATQKEFSMKLTEPAI,False,,,,,,,,2a
ufoe_0085,UFoE,QNHDNWAGNQYRNYPPQRRSGNAEGTPAYEGHEDHYGSPMANKTYYDEAWWTYTHQEAERMHN,False,,,,,,,,2a
ufoe_0086,UFoE,LRNDYVPFNIVGIAHAGMNYTDHYHGHPPPPQAQYYNNPHMRVWAHASWNPPQWHDESYGARSW,False,,,,,,,,2a
ufoe_0087,UFoE,AWRCWKNHTGPDDYNPPWHCGDRWWPGKKQWKPHEYTNNSPEPYEWSYGTYYQQWAPSSTQSHHQ,False,,,,,,,,2a
ufoe_0088,UFoE,GQATWHCYTAANAIWFKNSTPAYHKPSYEGTHRGSTGGRYHWKHHARMMHAGVRTVTWMWPWNHQP,False,,,,,,,,2a
ufoe_0089,UFoE,GNGYHYSNYAKWRVHYTSGDNPWHGYNYCSWSANNEGYPNPWYIWHSCAPGNEHAHYYLESWGLGKR,False,,,,,,,,2a
ufoe_0090,UFoE,IMDESQYNKYRQHPSHMLHANMLWSMEIEWLPAAPFWYPGWHEYNHTQPNNMANSTDYRMFMYNLSHH,False,,,,,,,,2a
ufoe_0091,UFoE,NTYWSNPSWFNQRHWQSRPQYPDWDGQHSYHHSANQMHTTMPAEQMDAPMDMSVGSRFNSSEPRPKAET,False,,,,,,,,2a
ufoe_0092,UFoE,HPASRLWHAPCTIWGAESRYGAHDCPWEFHANIWPSNYPHHQHDDYPGRQPAQHGPWHMYQMNPYHFWMK,False,,,,,,,,2a
ufoe_0093,UFoE,PKWYYWRSAGRMPPNWYPHMPYYAMPYWGWQYSEMKWHHWHYDPSKPPMDANSDHNCNPRWRADAYPKTCP,False,,,,,,,,2a
ufoe_0094,UFoE,HWRHWWGYNMAMHHPYPWTSRHGWTPTHYSHQGTYRFWKPGNMWDRESGHYKYTVALPEKMGTGSCENDHAP,False,,,,,,,,2a
ufoe_0095,UFoE,TGYMDPHYAQRYREFPGMWSNHEHKVPSQGSEKAQRMPAMHDPRNFHKKPTTSPSRETQPGRWAYITPTHTKW,False,,,,,,,,2a
ufoe_0096,UFoE,FPYNYYMHCWWYGTQYTGTNQDIHRPWMSHPAHTGEQISENTSWMKWAGRMSRHTHGQTDNNTPDWQSNRMSFN,False,,,,,,,,2a
ufoe_0097,UFoE,SKNWHQFMMPPYHEPDYHTHYAPDPIMPTMMKHNWEHGYEFRFPAANTYKWNAGYHYHASQYSPDAQRKHQHMRK,False,,,,,,,,2a
ufoe_0098,UFoE,PQTTFAWIYMSYSMYKEGTWYYRYWNWNGNSDDSGNQATPNNHERRNKPHWMLSNHYDIHEKSDGWHLTHMCWTNE,False,,,,,,,,2a
ufoe_0099,UFoE,PYHAIMTPWTRNAAMNQASSYTMFNYYAMWSNAHMWMDWMTMWKWCPSKEPLPYETYDHHNWYMQMQRWTANWWPGT,False,,,,,,,,2a
