id,group,sequence,length
ufoe_0000,UFoE,GMTGAPQAEDPEGPQTRNYPYWMGIQRTHDPWHPPSDRAHEMWGWQQSTIAANTYQWNDA,60
ufoe_0001,UFoE,WWKTPCNPNPPSYERYTQMDNEWQGIMWPTPEKDHNNQLHNTIMNLFYSTTECPPEGYKMG,61
ufoe_0002,UFoE,AMPSANRRNHYMTWMGPTEMCNRWTRSTMMKRHGKMKPGGDWANMRNATMHQAYEMGYQQNH,62
ufoe_0003,UFoE,PPYDSNYLPGPMPMWHPHLMRFGRWRGLKSTIADPSPTFQEEQEWPRANWWAHTRNSPMPHQM,63
ufoe_0004,UFoE,QGTAPHSANEMWRSQTYTTAVPTESDGEATSQNVADYMPWQDDYDFPSGAFYWTNKNLVNMAKW,64
ufoe_0005,UFoE,KRQHARHMHWGQHNNSYAWMSDWGVYYTFGRNNAEYIGDHCWGAYGSGAASMDCHQSRPEWESPG,65
ufoe_0006,UFoE,WHQWDDNWVAWMGSRHYVTGGGNDDTTMQAWAMNAWYYHWTHWEIHDWHEIKYMHKNSNHNENMNW,66
ufoe_0007,UFoE,HIYQQHTMHSRPWSWKHPWHPGMYHNTDHMDMNAHSQKAHHRYYWGYQPYSAMAHDVFENALYYLYW,67
ufoe_0008,UFoE,HMSHYPWSHPNRNYNMVTPPANTRKGEKQKLGNYYNYPAVGHRGHWAGMHNIWRQTTQHQPMRTEGCY,68
ufoe_0009,UFoE,TTRNPEWTHNRWESNYHHSMSWNMTNEHRWSPNANAWNQPMYANSTWAWLTYTYYKGKIYKFKPTCPPH,69
ufoe_0010,UFoE,YDHHQNFMYPMMMVYNWEVGSGWDPMHSDWKPFKMKNWTGLERYWHAKNMHREQKNSWGNTAHTWMNYSN,70
ufoe_0011,UFoE,NHGQHTHNYFPWNEIDTNGRHWWWAWFTKTTYQWLKTPFTECWYQKTPTWQIWYWYKYYTSPMYPTPKWAA,71
ufoe_0012,UFoE,HPTMLQTWRWGHMSNHPAYWWWSNWKHPNHAHWNVGWVKEADTQGGMEQKTNKSAHYMGDGMNPWNAMHSFY,72
ufoe_0013,UFoE,SSGHMNWGYRSHYYPNAGWAWWEMYVIENASYDNMTPPNLPMWYQPNNNSGWWWHWESQYTTKEYHDDNHPPG,73
ufoe_0014,UFoE,RQLLSPYGAQNNNPSDYSNGGTCYNDHWHQNTASWASHICPQYWGLAPGSPNKGSQHHYNTNWYHTPHRMRRNG,74
ufoe_0015,UFoE,ERQEMYQTTYSPRAWPHYHMATYTHKSNQDKEHVWPSGHYGQYEDKYYPQQNWNKNMMASEWTWNRKLQSPTPSG,75
ufoe_0016,UFoE,EDTEGYTYYRGAYTGMSRDQHSRNAYGQPYPHCNSEHPHDRPVGWMWNSWVNWPYDTEESDMSDENQPYPYAYSHT,76
ufoe_0017,UFoE,PRPRSHSYNNNEVTAGAHMENSDFDGTANATYAYKGGEAPHGWKKPHSGGSNLNELWWYWDGHWPKYYCHGGVMTYY,77
ufoe_0018,UFoE,PVHKYMKKNSAYENCMRAPVHPPPQNHKMPPILAAHYEWSFYDQGMTTAKHHHNCVNTPAPCSEYHMKWTMRNWTPAN,78
ufoe_0019,UFoE,MSKNNWPPMYEPYGTNWSEWRKPATPPNSHGWHHLAYDHPSNHTQMDGASPTYSNVRDHYGNDRHRNTNDKDHASAKVG,79
ufoe_0020,UFoE,HDNMIPKRMNNDRAMLDTYSHKPALWEQNHQFMSKWQYITCTWGRQAYTHGWPNHAMWWWHHMMWSQTLSVPWHSGNYTW,80
ufoe_0021,UFoE,AGRHTWCHNHNPASGGNEHYRNRHHPWNTKKWAHMEKPNGFNWNHAWAMTRYSNKIYPGKNTQYRYGGQRAKPMMTAAMHY,81
ufoe_0022,UFoE,PSWPYYYYAAKDRWYHANEPDQTRSEPQYLQLYSTNTGKWSNYHKPAHMPQFRPNSPNYMSLTWVGMAETWDWQHSMFYGPT,82
ufoe_0023,UFoE,AICQAWPPEHHNTEGPFPTYYCNHKWNADHYWPRHWPGWPNGGYNREYMWYMWAQSPNVDGEAQMKNWLYIYPWNHAWWYRDA,83
ufoe_0024,UFoE,NNDWGGENDEEKKNYTWWTGQKPLWQWGTPHTNVHTWWHEWFGYHMTFNPVAKWSSTPRSKFGNADWYNYSPMHHGWADMQAWG,84
ufoe_0025,UFoE,GLEGPDHSTWPVTYTHWQEFYKPTMYKHDQEQMMYNPAFQWQYWNNTHHGTTEDPMNNDGSKNKGQMWHHVHHWHHPTPKMNSGW,85
ufoe_0026,UFoE,DNQNWSFTHPGWRRPQPFTFPAGSPPVHKPRAHWQYYTYASTSNPWWDRNAAGGNWTWYMYSRHTKEMWPENMNNEQHPEHWHGTN,86
ufoe_0027,UFoE,KKKWWAPWESDMTWASVYCPFTRVWSYTGWPNYCKNEYHYGGAALPYWYTPHANPHPGREAASPDHCDWAWGAYQYKWHNPPPNQFN,87
ufoe_0028,UFoE,CKMTIHTNKHHWNNPTEHQWPTALSAAEATETYTYNRSWPTDYNPEYGYSGWGPMSALHHINNNHTAMHINNPYNPCHEHNHRSDSNR,88
ufoe_0029,UFoE,MHHGKRRYNLKSNMNTHSTMGWSQGRPPSPPRWWQCAYRHWAQMEWVAWAYNSHTGGPHNWTSENQPHAKYNHKNTEPPCPNMTMRCMY,89
ufoe_0030,UFoE,HKLWRMHAAWFPSPPATENKNYNHWTLNNQGGSNWQSYTNPRIGQAYKATPANKTHTSPISNAPHINNGGKKQDTWPSSPPFHSPEHKHG,90
ufoe_0031,UFoE,HQMHSYNNPNHGMWIYWDPWTTPGPAGGRFICMSDQRSSGFVTWDRWKDRQYQPYPWSYNQRADTHDAMTHYSYIHIYWSKPDWMHNMIQH,91
ufoe_0032,UFoE,EQKSPAAQTPNHYSGSNQHAEPPMREYAQTMYQTYWPKGNSAAKSTRFYRSSWWCYNGDPLWNTHPPHYYNEHGTKTMNGYYKPHFSPGKPG,92
ufoe_0033,UFoE,WYNPSWTYQNWVWWTSCWSHCIGYMQIGHSYAWENYPGCHGSAQWYKQDFSGRNYGYRWSWMPHYSIKCWHPWQLGWTWYMNTAYSDKDHQWN,93
ufoe_0034,UFoE,KQWHYDYQHSIDWYSHWHYQGTMPWRNGNWLVMTYHDDGVYYNTSYYNAARWVWEHNSHQAAPYHNSAYNGWGHMSMVFNMHEPYGKEPYGKHM,94
ufoe_0035,UFoE,MYNMYKHISNSWDPHHNAHNSSYHPYYYMVAGAMTWHNSRWGTKMAQNVDYWYNHYHEFSMMRMETKEHWHSQWSSGYQVDWCNYNMQHWDAWPR,95
ufoe_0036,UFoE,NWRHGHGWWGNSGGMDQNREWSKYYANYNLMFPYPNKTQMVGPRCNWDQYMNNDCVTMSYEGWYPTANPGSQMPTAPKTKWAADSWRKLSTTPRMP,96
ufoe_0037,UFoE,WYPSPMPPMGMSSPFAHQQTWRGYQTWPWRNNTGPEMTQPPPSVQWYFKWHPWPKVPNFRQYENDMQAHGQDAFYYGVRKPWETQWSWYKHWSSISN,97
ufoe_0038,UFoE,EAGDTWASDWGNNGNNYMDWPEWYHWVSEGEFPLGGRFDRTPDPNPHFSMFGWWTPHPGPWDKYAYPSNKNRHYHHMGHQWWHWQDMWADDSLKKMSA,98
ufoe_0039,UFoE,WPPVYVPEYYPHLDPRHAPRFYPYPMSPCTHPCYHQMYLEGWWHHHSTNYAWEQVYMQRDTHGPRHAMHTSAPWRNPFYYPQAQGHQRSMRPNKMYSKM,99
ufoe_0040,UFoE,SGHGHGAHWHGKEHQRKDKHASYWWADDPWHRVTHMMHNYEYRGHTETKEWVPAQTMHTQDPPSDHMKGRNTAWPWMWWPYNNGNQRQNSYIAQSEFPNN,100
ufoe_0041,UFoE,WTQQEEYMATNPHWWPDMGDTKDAAGCYSSPPSMPHCVWDWHYTMKSAVFPPNENNPDHT,60
ufoe_0042,UFoE,RYPHYYPGYSAAYPGKNNQNTGSQSKMCMPANWDMYRTKWEMTSPQRPMWGTPHYPHYQNS,61
ufoe_0043,UFoE,SQHSKPYGPPAWAWCAYHDRTMRWSKTPHWYNMATYETFRWMYIMSMQGYHYGEFPHAKMGP,62
ufoe_0044,UFoE,HHMRNTSPHGPGSSGTDDHRGHNNNMPGTMMCYGYKPRCSMQVMWYHKMHQPGDLNHMTPHNN,63
ufoe_0045,UFoE,HNAAATPPRAAMMCWFSWEWRCPNPHYSAYHHSPETYLNYDNGIMPYYTPHAPYTKTTHWETSE,64
ufoe_0046,UFoE,FEYYMTKYMNMYEMCGGVYPSTHTMADDWWTTMDQQMSNHYQRHTMPPGPTIMVKGWPIYNWRWA,65
ufoe_0047,UFoE,HNAHWHATTNWFKMESNSAHDTIPTSGGIYSLPVPMTDGDLPHDSWCPKTYPWRGWAHQWHDGTQM,66
ufoe_0048,UFoE,NYMYCIYWEHNHGRAESENWRWVSVMFGRQRPCYLDYYNNDQWHLQYMTGNNSMMEWAPYPTYSVQM,67
ufoe_0049,UFoE,HPMCSTYEGWYERHTNRQLHGNRCYMQFADHPPPDFGPKNGNHNNTWNHVDPWTNDNTGNDHGTHWYQ,68
ufoe_0050,UFoE,PWEMGWQYMDSPWMQTCAQETKPKKGMARTMYKKYHTKCFGKSNRNANINPHWGNHVMYSDLNYKMQYQ,69
ufoe_0051,UFoE,HPNVWTLNINESNSHPTYPYTWNSRPNTHWMTHFYWEYHHSPSPSTAWYFGPVDFHQYHPWMMDMVYNNH,70
ufoe_0052,UFoE,EYEGYYWPAPWDYPRGWYHTWPCWEYQKLPPVAGCWSHWSMCWCMPQSTPYYAPPAPMMESKQWSYAMWVM,71
ufoe_0053,UFoE,SNHYNRHKAYYNMWPWIGEVNMNWGPDKEPYHWPMPTENKHTHTHYMPTWGYMNAFTYGQVAYGGPPWIYKV,72
ufoe_0054,UFoE,SGHTMWTEWKRSMHSRAMEHHNNWHKNNMYQMHNDFWQSQEQCFHHWHNSPYPHWWWSLAKHLYNHEWTYAHW,73
ufoe_0055,UFoE,YPTGEFNHIWHPKQWDHQLGMHWPWKPSAWAHEYHNWRMKDVYWNWDDDPGMWWHPWNGPSAIHTAQNPSTAML,74
ufoe_0056,UFoE,RANAHANYWSTINWFHMWENMKRNENYGGMQQPMQYWRPGGNYSPPAGANDYMNNQGNTQNYIKHANMTMWSDFN,75
ufoe_0057,UFoE,YQPHSMHWEYYGFHTKGNEGPHSWWKYHNNQNFMGKQSNCFDGKRETTTYTWMPDIHNATWCYHGHGMEKHYYVWE,76
ufoe_0058,UFoE,TKHTDWHWYTNSYSHPMYEWWWAKMKCYKEAAIWWYMYTKYGPQMNCMGPFICPEAKYFVGQNSEDCTQWQQRSWYT,77
ufoe_0059,UFoE,NWNCEGWHADGDDHWETDEYNDQCYAQPKPCPQPGDNSLYYNSYKDSLNPAETGGHCYHENSSRAGMGGASGKSGTWP,78
ufoe_0060,UFoE,YQYTYHYRMGATANTNAANANNDHMRDESTGWMSNYRNHDPNTRRHPWCMNPHPLYSTHENSSETYEQKEGFCHPWMEP,79
ufoe_0061,UFoE,HPHHHHNKNTTQWRGWHHTHQNGWMYPEWYNPPENRETYVGNPPGREMMRTTTYIGAGNPGASYTSSIYNKWGTSYPIQG,80
ufoe_0062,UFoE,QFYKWGDTSASNHNKGPFMHGRHYGRSQSPMYFNHAYSYRNSFAGYVSWPMTPVMRNIAYNENASHNYWYQTADRQGSCHW,81
ufoe_0063,UFoE,PKPCGQWTQNSGPWAPDEMQRYTTGWNNRPFSHGNYPNPPSAEPPMGHKNMWMHWQQAGWTNKHGWAADHQPMNYNMNNGEM,82
ufoe_0064,UFoE,GMYWWHMDMYMQYWPWPMWEHYKSNAQIYWHEGQSYRWASPAENDMEHAMGGPDPRLSIPWMGGWYWYNPAYHYPRGMQTHTP,83
ufoe_0065,UFoE,PGHEYPWDYNMAHMKWTCHSWMSHHGEYKAYIHHWVTLINSWNWHYQNSAHATMSTGNPSVWNNEHESKPHYSHHQNKETHKMH,84
ufoe_0066,UFoE,CAMAYGDRWPNEGFGYNFQHRNYSRHWHTPWRDSNQGHQNEHDETPGFNRWDIYSTMKANRMSGYTWPEAKGFYYGEHEHTNGRP,85
ufoe_0067,UFoE,PTPMAKKTTVTCMVNTWYNGHAWGWMPNNKNFYNYYWEQVDPNNHCNSAWPENAQYQIRHYWGAVKGQEYTDKGHKDRNDAPAWGQ,86
ufoe_0068,UFoE,APMYGHVGSQSWGRAPPGNKHDIANNSTWNTDQANTHNEQWMYPRATWWWNNLWEMGKNTLAHNYMKTPYSHAHQCNSRNNWESPSH,87
ufoe_0069,UFoE,YNKPHENSWWSQQGDPNMDPSPANSCSAMGKWSAAMNEYNFNNNYKAYMYGSLNHHSNHAKPHLYASHHHHNSRPPMWVGTGARGQLH,88
ufoe_0070,UFoE,HGMVQWSTYHYRIKYCTMYPCSKPQTTINYQAGKSPQNMTPSARKCNHHDRKHNNHWVWQPSTHWNPHCITSTAHADTYRHIYYYQGAM,89
ufoe_0071,UFoE,ESPAMNYSPVERVHHDFDARGEYDWQNHMLIEVSYPTAAGWYDWRKASNMNPTVYQWMPRDKTMHRTNNTYPHVWNGPGPMPNMWWMYDY,90
ufoe_0072,UFoE,YWSSSGDPWKSTNMNRGAPAHEDEMGHTNGMMMFSYMHMSDRWHGMWNNNWMSNWPHATHCMDEHEHSSSTWETFHPNYREYSPYDDEGGG,91
ufoe_0073,UFoE,SWGQMMMHWPWPPRNTYNHMAKATWYKNHANCDWRIGWIYPWMTTACHSGPAHEESMSYMNTHWQSPVSQEGYGLNQYMLEMRYWNSKMMPS,92
ufoe_0074,UFoE,HSNPMYVTWYNTSMHPPPNPSPGWYTMDAKDGYNNHNQNHGYPAEGINDHWPPHAPLTHYRRQWPMNPAPHHMSPMSHQNWTEHHRMNDATWM,93
ufoe_0075,UFoE,HKKMVEYLSLMWMQPMGWNAGGLSPQWNRPNDNNSTEHKFNRPKNPWYYWWRHAPWWWHGSWQWAREHMHWMHNNSAVPAQTPGGNTAGMMSMY,94
ufoe_0076,UFoE,HVFTPQMPYSSETYWPYFNSMGSAPFNPDDHAHNNNSETANQAMGRHPLSRAADYSSSHFHAHGWWNNDPDMKNLHRWANNYPPPDAHTYPHWSS,95
ufoe_0077,UFoE,TRVQPNQMYNPQVRPPPYDRPMSWFSWMYYHTPDWGSWNSNMTICDQQVGESPMMNHDTAGNHETGSSHHMRSAFWKNSGPMWDSHSKNMGSVNNY,96
ufoe_0078,UFoE,VRRGPTEEMGYSNFRAQHGKNSDAWVRHPENNACPEQAMGDWIMWWPRGRSSTAAHYECAQHNHSPSAMTWVRYYKQHWHHMPSAMSLSHPSGYHIY,97
ufoe_0079,UFoE,ASWHPYHPGPAKPYNSSMQWNQDMWYDMSSPAYHWHGNWHTKHWHWRNHWQYHSVGKPWSTTWWPHNNPPHNVPWWHANTMKQGIQEYGNNSTMHHGN,98
ufoe_0080,UFoE,WEKPSSKQRQWWGVKHYYPHATRWTPKNLHSSYDYASASTPGQNSKVDSSWNENMMHKAYNIFNIGNGPYWNTHWYHMFQPRNDAHNTWCPTDTRLAAH,99
ufoe_0081,UFoE,YPQNYWDTAPWNYPPRYYYHFSMLSGWEPNMHHHYDPVKHTWKWADWNWWKHGPFMTWAALAEHQPSHNMGWNQFKHCMHMMTYIFGNYAWVAWPRTTNS,100
ufoe_0082,UFoE,MDWHHNNKTNQMWYNWWDPNSMMCMWQAYSHTGYWPYYRHTNWHMPYDWAKYYSNPSMHG,60
ufoe_0083,UFoE,TNDPWPGNGNRSWEWALWQKRVTLRACGTITSRDRPSCTGAPPNMHEYYQYYYWDGWSEYS,61
ufoe_0084,UFoE,DWHEQQASRNSNHNYGTGMYGAPGKTPSPYAPYIRNMKAHPDYYGNYATQKEFSMKLTEPAI,62
ufoe_0085,UFoE,QNHDNWAGNQYRNYPPQRRSGNAEGTPAYEGHEDHYGSPMANKTYYDEAWWTYTHQEAERMHN,63
ufoe_0086,UFoE,LRNDYVPFNIVGIAHAGMNYTDHYHGHPPPPQAQYYNNPHMRVWAHASWNPPQWHDESYGARSW,64
ufoe_0087,UFoE,AWRCWKNHTGPDDYNPPWHCGDRWWPGKKQWKPHEYTNNSPEPYEWSYGTYYQQWAPSSTQSHHQ,65
ufoe_0088,UFoE,GQATWHCYTAANAIWFKNSTPAYHKPSYEGTHRGSTGGRYHWKHHARMMHAGVRTVTWMWPWNHQP,66
ufoe_0089,UFoE,GNGYHYSNYAKWRVHYTSGDNPWHGYNYCSWSANNEGYPNPWYIWHSCAPGNEHAHYYLESWGLGKR,67
ufoe_0090,UFoE,IMDESQYNKYRQHPSHMLHANMLWSMEIEWLPAAPFWYPGWHEYNHTQPNNMANSTDYRMFMYNLSHH,68
ufoe_0091,UFoE,NTYWSNPSWFNQRHWQSRPQYPDWDGQHSYHHSANQMHTTMPAEQMDAPMDMSVGSRFNSSEPRPKAET,69
ufoe_0092,UFoE,HPASRLWHAPCTIWGAESRYGAHDCPWEFHANIWPSNYPHHQHDDYPGRQPAQHGPWHMYQMNPYHFWMK,70
ufoe_0093,UFoE,PKWYYWRSAGRMPPNWYPHMPYYAMPYWGWQYSEMKWHHWHYDPSKPPMDANSDHNCNPRWRADAYPKTCP,71
ufoe_0094,UFoE,HWRHWWGYNMAMHHPYPWTSRHGWTPTHYSHQGTYRFWKPGNMWDRESGHYKYTVALPEKMGTGSCENDHAP,72
ufoe_0095,UFoE,TGYMDPHYAQRYREFPGMWSNHEHKVPSQGSEKAQRMPAMHDPRNFHKKPTTSPSRETQPGRWAYITPTHTKW,73
ufoe_0096,UFoE,FPYNYYMHCWWYGTQYTGTNQDIHRPWMSHPAHTGEQISENTSWMKWAGRMSRHTHGQTDNNTPDWQSNRMSFN,74
ufoe_0097,UFoE,SKNWHQFMMPPYHEPDYHTHYAPDPIMPTMMKHNWEHGYEFRFPAANTYKWNAGYHYHASQYSPDAQRKHQHMRK,75
ufoe_0098,UFoE,PQTTFAWIYMSYSMYKEGTWYYRYWNWNGNSDDSGNQATPNNHERRNKPHWMLSNHYDIHEKSDGWHLTHMCWTNE,76
ufoe_0099,UFoE,PYHAIMTPWTRNAAMNQASSYTMFNYYAMWSNAHMWMDWMTMWKWCPSKEPLPYETYDHHNWYMQMQRWTANWWPGT,77
